candidate,coordinate,semantic_initial_html,enhancement_hydration,accessibility_focus,lifecycle_cleanup,keyed_lists_grid,hazard_svg,testability,bundle_closure,offline_static_fit,effect_v4_integration,migration_cost,evidence_status,recommendation
Direct semantic DOM controller,project-owned browser APIs,Excellent; initial form and reference content are ordinary crawlable HTML.,Progressive enhancement without hydration runtime; requires disciplined stable-node patching.,Excellent when focus and live-region effects are explicit; manual branch coverage is the risk.,Explicit AbortController/Scope/finalizer ownership; easy to audit while small.,Manual stable identity and insertion/removal; complexity grows for simulation and hazard marks.,Good for local pointer scratch plus semantic marker commands; manual keyed updates can become costly.,Renderer-neutral model is strong; view tests remain straightforward while DOM mutation is centralized.,"Lowest expected closure; local first-party source arm observed at 20620 raw / 5553 gzip, not a production bundle.",Excellent; no framework runtime required and service-worker behavior remains standards based.,Use a narrow dispatch bridge to one ManagedRuntime; no Atom requirement.,Low now; rises sharply if project code grows reconciliation infrastructure.,OBSERVED,Baseline for static/simple islands and one arm of the matched player spike.
Native-template whole-region replacement,research negative control,"Good initial HTML, but later renders replace the interactive subtree.",No maintained hydration semantics; replacement is project-owned.,Poor by default; the probe exposed focus loss when acknowledgement rerender replaced the focused node.,"Delegated listeners simplify some cleanup, but stale-node semantics remain project-owned.",Poor; replacement discards node identity and selection/focus unless rebuilt manually.,Poor for active gestures and keyed markers because replacement invalidates live DOM identity.,"Useful as a negative control, not as an architecture candidate.",Observed first-party source at 21662 raw / 5864 gzip; not a production bundle.,"Standards-only, but behavior risk outweighs size benefit.",Same dispatch bridge as direct DOM; no special integration.,High defect risk and likely path to a custom renderer.,OBSERVED,Reject as a product renderer; retain only as evidence of replacement/focus hazards.
Web Components / custom elements,HTML Custom Elements standards,Good when light DOM and native controls remain visible; shadow DOM can complicate crawlability and form semantics.,"Custom-element upgrade supports enhancement, but declarative hydration is not a complete renderer story.","Can be strong, but shadow boundaries, form association, labels, and focus require specialist care.",connectedCallback/disconnectedCallback provide lifecycle hooks; move/adoption cases must be handled correctly.,No built-in keyed reconciliation; another renderer or manual code is still needed.,"Possible, but custom elements do not solve high-frequency keyed rendering themselves.",Native lifecycle is testable; cross-browser custom-element/shadow behavior adds matrix cost.,"Potentially small, but no matched production measurement was run.",Good standards fit.,Project-owned bridge and Scope cleanup; no official Atom binding.,Medium; component API and shadow/light DOM choices become long-lived.,CONFIRMED,"Use only for a genuine reusable browser element boundary, not as the primary renderer answer."
lit-html,3.3.3 / 20afabd3c5bfd49fdcdf1b8518e05c7f99a46db6,Good with static HTML first and a template-rendered island after enhancement.,Client render is small and declarative; hydration requires separate Lit support and exact validation.,"Templates preserve semantic authoring, but focus/live-region requests still need an explicit adapter.",Event parts and root render simplify listener replacement; external subscriptions still require Scope/finalizers.,Good through keyed repeat; directly addresses manual reconciliation pressure.,Good candidate for semantic marker collections while pointer scratch remains local.,Same controller can be exercised through a thin template adapter.,Actual Vite closure BLOCKED. First-party adapter source excluding dependency was 21001 raw / 5612 gzip.,Good; standalone renderer does not require SPA routing or server runtime.,Renderer-neutral subscription/dispatch bridge; Atom optional.,Low to medium from direct DOM; smaller conceptual jump than a component framework.,BLOCKED,First declarative candidate for the matched Bun/Vite/native-browser rerun; provisional until executed.
Preact,10.29.8,"Good with SSR/static HTML and hydration, but introduces a component runtime.",Mature render/hydrate APIs; exact island/static integration was not probed.,Component model helps composition but does not guarantee accessible semantics or focus behavior.,Hooks provide component cleanup; bridge subscriptions must be tied to effects/unmount.,Good keyed VDOM support.,"Capable, though high-frequency pointer work should stay outside global render state.","Strong ecosystem, but adds component and compatibility assumptions.",Not measured in this lane.,"Compatible, but adds runtime where the product may not need one.",No official @effect/atom-preact package at the pinned Effect coordinate; React compatibility is not proof.,Medium; JSX/component architecture plus a project-owned bridge.,CONFIRMED,Defer unless a React-like component API becomes an explicit product/team requirement.
Solid,1.9.15,Good with static output/hydration and fine-grained client islands.,"Strong, but requires compiler/JSX and exact build integration.",Fine-grained stable nodes are favorable; explicit semantic/focus tests remain required.,Owner cleanup maps well to subscriptions and the official Atom binding.,Excellent for keyed and independently updating collections.,Strong full-framework candidate for complex keyed markers and local derived state.,"Good, with an additional reactive/component vocabulary.",Not measured in this lane.,Compatible with static acquisition pages when isolated to interactive islands.,"Official @effect/atom-solid 4.0.0-rc.111 binding; binding is unstable-cohort integration, not adoption proof.","Medium to high; compiler, JSX, component ownership, and a second reactivity system.",CONFIRMED,Strongest framework fallback after direct/lit migration triggers are crossed.
React,19.2.8 + scheduler 0.27.0,"Good with SSR/static HTML and hydrateRoot, but the product has no current React requirement.",Mature hydration and component lifecycle; introduces the largest ecosystem/runtime commitment in the shortlist.,Can be strong with disciplined components; concurrent/remount behavior must be covered in focus and disposal tests.,useEffect and root unmount; official Atom provider has remount-sensitive delayed registry disposal.,Good keyed VDOM support.,Capable; high-frequency interaction still requires careful local state/performance design.,"Mature ecosystem, but more framework-specific surface than needed for the current question player.",Not measured in this lane.,"Compatible, but would add broad runtime/dependency cost.",Official @effect/atom-react 4.0.0-rc.111 uses useSyncExternalStore.,High from current standards-first direction.,CONFIRMED,"Do not adopt absent an external React ecosystem, team, or component-library requirement."
Vue,3.5.41,Good with SSR/hydration and progressive component islands.,"Mature, but requires Vue compiler/runtime conventions.",Capable; explicit focus and live-region tests remain necessary.,watchEffect cleanup and component unmount integrate with the official binding.,Good keyed list support.,"Capable, but not otherwise aligned with current project direction.",Strong framework ecosystem with added framework-specific surface.,Not measured in this lane.,Compatible when island-scoped.,Official @effect/atom-vue 4.0.0-rc.111 binding.,High because no Vue requirement exists.,CONFIRMED,Do not shortlist unless a new external Vue requirement appears.
Effect Atom integrations as renderer boundary,4.0.0-rc.111 / effect/unstable/reactivity,Not a renderer; initial HTML depends on the selected view technology.,Registry/server-value APIs assist integration but do not define DOM hydration.,No automatic semantics or focus behavior.,Registry mount/subscribe/dispose and framework bindings provide real lifecycle integration.,Not a renderer; can project keyed data only.,"Can hold semantic projections, not pointer rendering mechanics.",Useful when multiple consumers need shared reactive projections; unnecessary duplication otherwise.,Not measured; all APIs are in an unstable RC cohort.,"Process-local only; cannot replace IndexedDB, cross-tab coordination, or content packs.",Native to Effect v4 but explicitly unstable.,Medium if isolated; high if spread through domain and view code.,CONFIRMED,Optional narrow adapter after a concrete multi-consumer/query need; never renderer or durable authority.
