method_id,method,evidence_status,production_status,fixed_setup_hours_low,fixed_setup_hours_base,fixed_setup_hours_high,base_author_hours_low,base_author_hours_base,base_author_hours_high,base_qa_hours_low,base_qa_hours_base,base_qa_hours_high,base_repair_contingency_hours_low,base_repair_contingency_hours_base,base_repair_contingency_hours_high,loaded_base_scene_hours_low,loaded_base_scene_hours_base,loaded_base_scene_hours_high,changed_variant_hours_low,changed_variant_hours_base,changed_variant_hours_high,software_compute_cost_model,labor_cost_formula,throughput_formula,major_uncertainty
M1,hand-authored 2D vector,INFERRED,conditional,8,16,24,8,14,24,4,6,10,2,4,8,14,24,42,8,14,24,"open/editor-selected vector tooling; hardware/storage excluded unless separately allocated","setup_share + loaded_scene_hours * R + contractor_or_tool_costs","Hweek / loaded_base_scene_hours after setup amortization","Perspective-rich scenes, person poses, correction iterations, and reusable-component leverage are unmeasured."
M2,modular project-owned SVG scene composition,INFERRED,recommended-simple-scenes,24,48,80,4,7,12,4,6,10,1,3,6,9,16,28,2,4,8,"project-owned vector components; no required per-scene API fee","setup_share + loaded_scene_hours * R","Hweek / loaded_base_scene_hours after reusable-library setup","Initial library construction and anti-template variation cost could dominate early batches."
M3,Blender/procedural 3D blocking plus deterministic line/static render,INFERRED,recommended-geometry-critical,40,80,140,7,12,22,5,7,12,2,4,8,14,23,42,2,5,10,"Blender is GPL/free software; model authoring/render hardware, storage, and staff time still have cost","setup_share + loaded_scene_hours * R + hardware_or_render_allocation","Hweek / loaded_base_scene_hours after reusable asset/rig setup","Freestyle/line quality, people/soft forms, asset-library setup, and cross-environment repeatability are unmeasured."
M4,3D blocking plus human 2D cleanup,INFERRED,preferred-complex-scenes,48,90,160,10,18,30,6,9,14,3,6,10,19,33,54,5,10,18,"Blender plus selected 2D editor; no required API fee","setup_share + loaded_scene_hours * R + contractor_cost_if_any","Hweek / loaded_base_scene_hours after setup","Cleanup may erase deterministic benefits if edits routinely change semantic geometry or require hotspot reauthoring."
M5,human illustrator from deterministic blocking package,INFERRED,specialist-fallback,8,16,32,12,22,36,6,9,14,4,8,16,22,39,66,8,15,28,"contractor/illustrator pricing unknown; project must use explicit rights terms","setup_share + internal_review_hours * R + external_quote_or_contractor_hours * Rc","Hweek / internal_hours is not sufficient; contractor capacity must be modeled separately","Actual illustrator rates, revision limits, rights-transfer terms, style matching, and transfer-variant efficiency are unknown."
M6,controlled text-to-image,INFERRED,excluded-controlling-production,16,32,64,1,2,5,8,16,30,8,20,50,17,38,85,4,12,30,"provider/local-model inference cost G is unknown and checkpoint-specific; review/rejection labor dominates model","setup_share + (operator_hours + review_hours + rejected_attempt_hours) * R + G","not recommended as production throughput metric; acceptance attempts are unbounded until measured","Unauthored-object/hazard rate, rights/provider terms, structural drift, and rejection loops make apparent generation speed misleading."
M7,controlled image-to-image from project-owned structural inputs,INFERRED,pilot-only-noncontrolling-derivative,32,64,120,3,6,12,8,14,24,6,14,30,17,34,66,8,18,35,"incremental generator cost G plus deterministic base-scene cost; model/provider/checkpoint not selected","deterministic_base_cost + setup_share + derivative_loaded_hours * R + G","Hweek / derivative_loaded_hours only after counting all rejected attempts and base-scene cost","Whether style gain reduces or increases total accepted-scene labor is unknown. Structural gates may reject most useful stylization."
M8,mixed pipeline by scene class,INFERRED,recommended-architecture,64,120,220,6,11,22,5,8,13,2,5,10,13,24,45,3,7,14,"route-specific project-owned tools; Blender/vector editors can be zero-license-fee but labor/hardware/contractor costs remain","shared_library_setup_share + route_loaded_scene_hours * R + route_specific_external_costs","sum over route capacities rather than one universal rate; for planning use Hweek / selected_route_hours","Best-route assignment, cross-route style consistency, shared-library amortization, and review specialization are unmeasured until the pilot."
MODEL,variables,INFERRED,planning-only,,,,,,,,,,,,,,,,,,,,"R = fully loaded internal labor cost per active project hour; Rc = contractor hourly equivalent when applicable; G = exact generator/provider inference cost; Hweek = active production/review labor hours available per week","Do not insert a market labor rate or contractor quote without current procurement evidence.","Do not convert these planning priors into a launch date until PILOT-PLAN.md measures accepted-scene hours and first-review pass rates.","All numeric hours in this file are scenario priors for capacity planning, not observations, vendor quotes, benchmarks, or promises."
