question_id,question,evidence_status,current_state,why_it_matters,proposed_resolution,owner_or_handoff,blocks_production
R2.9-O01,"What are the measured accepted-scene hours, first-review pass rates, and repair rates for each deterministic/human route?",UNKNOWN,open,"R2.9 cost/throughput numbers are planning priors only; route economics cannot be chosen honestly without measurements.","Run PILOT-PLAN.md and publish raw timings/failure logs by method and hazard class.",future scene-production pilot,yes
R2.9-O02,"What production hotspot tolerance best balances phone imprecision with semantic separation?",UNKNOWN,open,"Too little tolerance produces unfair false positives; too much can merge targets/decoys or hide unreadable composition.","Collect blind marker coordinates in the pilot; evaluate the proposed 12-CSS-px/1.5%-cap starting hypothesis and reject any overlap.",hazard player implementation + pilot,yes
R2.9-O03,"Which scene classes should actually route to modular SVG, raw 3D line render, 3D+cleanup, or human illustration?",UNKNOWN,open,"The mixed architecture is the recommendation, but exact class routing is empirical.","Use paired-method pilot candidates across all eight mandatory classes and route by accepted quality/labor, not preference.",future scene-production pilot,yes
R2.9-O04,"Does Blender 5.2 LTS line/Freestyle output meet the project's phone/print instructional style without routine cleanup?",UNKNOWN,open,"If cleanup is routine, Route B's throughput advantage shrinks and Route C may become the practical default.","Build the same geometry-critical pilot scenes with pinned Blender settings; record cleanup minutes and print/phone failures.",future Blender pilot,yes
R2.9-O05,"Are clean repeated Blender renders byte-identical on the intended CI/build environment, or only visually equivalent?",UNKNOWN,open,"The deterministic manifest must tell the truth about reproducibility and retain accepted final bytes when exact hashes are not portable.","Run same-environment clean repeat renders, then an optional second controlled environment; record hashes/tool/hardware coordinates.",future Blender pilot,yes
R2.9-O06,"What anti-location-learning thresholds should a scene family enforce?",UNKNOWN,open,"Reusable room shells/assets can accidentally teach target position or camera-template shortcuts instead of hazard principles.","Pilot target centroid/zone/camera distributions and blind editorial review; set thresholds only after several variants exist.",content/editorial + pilot,yes
R2.9-O07,"What is the launch scene count and distribution by environment/hazard class?",UNKNOWN,open,"The repository's historical ~60-scene target is editorial planning, not an official exam count or an evidence-backed production commitment.","Decide after pilot throughput, bank coverage, and content/source review; publish actual site-designed distribution transparently.",product/content planning,no
R2.9-O08,"Which exact visual claims will be admitted for chemical incompatibility scenes?",UNKNOWN,open,"Generic 'chemicals mixed together' art can overgeneralize product-specific incompatibilities and become unsafe/misleading.","For each production scene, register exact public source/SDS/product-class evidence; use CDC's bleach no-mixing rule only where the depicted condition truthfully matches it.",content/source review,yes
R2.9-O09,"Which food-service contamination claims are appropriate for this entry-level bank and the target New York jurisdictions?",UNKNOWN,open,"FDA Food Code is model guidance and jurisdiction adoption/scope can vary; kitchen detail can drift beyond entry-level custodial scope.","Validate each proposed claim against current NY/local/institutional authority and TAXONOMY/SCOPE before item admission.",content/source review,yes
R2.9-O10,"What contract/license form will be used for external human illustration or cleanup?",BLOCKED,legal/procurement review needed,"Payment alone does not establish complete copyright ownership; reuse/modification/publication rights must be explicit.","Have the project establish a written rights/assignment/license template and retain signed records; counsel as appropriate.",maintainer/legal/procurement,yes-if-external-human-route
R2.9-O11,"Where should large .blend, layered-art, and lossless raster masters live?",UNKNOWN,open,"Ordinary Git may become inefficient, but a mutable external share link would weaken provenance/reproducibility.","Measure pilot source/master sizes; then choose normal Git, Git LFS, or controlled object storage with immutable hashes and durable access.",R2.90 + implementation/repository ops,no-before-pilot
R2.9-O12,"Should a controlled image-to-image stylization subpilot be run at all?",UNKNOWN,optional,"The recommended architecture does not need it; it is only justified if it might materially improve readability/style at lower total accepted-scene labor.","First complete deterministic base scenes. Run the two-scene subpilot only if there is a specific visual deficiency worth testing.",maintainer/future pilot,no
R2.9-O13,"If an image-to-image subpilot is run, which exact model/control checkpoint/provider is acceptable?",BLOCKED,not selected,"Rights, license, reproducibility, checkpoint provenance, hardware, and structural-preservation behavior are model-specific.","Select only at subpilot launch after reviewing current terms/model card/checkpoint hashes; do not add it to normal workspace builds.",future generative R&D,yes-for-generative-subpilot-only
R2.9-O14,"What screen-reader/browser/device matrix will certify the zoned equivalent and marker controls?",UNKNOWN,open,"Repository target is WCAG 2.2 AA behavior; document-level design is not assistive-technology certification.","Testing lane/implementation should define representative VoiceOver/Safari, NVDA/Firefox or Chrome, keyboard-only, zoom/reflow, forced-colors, and small-phone coverage based on supported platforms.",testing/accessibility lane,yes-before-release
R2.9-O15,"What final web/print image format and resolution should each scene class use?",UNKNOWN,open,"SVG is compact/editable for simpler scenes while complex line scenes may render more reliably as raster; one universal format is unnecessary.","Pilot actual SVG/raster outputs, byte sizes, small-phone scaling, grayscale print, and compression artifacts; decide per class/asset.",bundling/offline + scene pilot,yes
R2.9-O16,"How should target-region data be obfuscated/packaged to minimize answer leakage while remaining locally scoreable offline?",UNKNOWN,open,"Offline packs necessarily contain keys, but pre-commit presentation must not expose semantic names/counts through convenient metadata.","Content/compiler + browser architecture should use opaque IDs/content-addressed assets, keep regions out of active DOM/accessibility surfaces, and test source-map/debug/build leaks.",content compiler + browser player,yes
R2.9-O17,"How will human reviewers be calibrated on 'accidental hazard' and 'safe as depicted' decisions?",UNKNOWN,open,"Strict QA codes are useful only if reviewers apply them consistently.","Pilot duplicate review on a subset, compare failure-code disagreements, refine examples/rubric, and preserve disagreements rather than averaging them away.",future pilot/content QA,yes
R2.9-O18,"Do changed-scene variants preserve intended difficulty/fair visibility after camera/object moves?",UNKNOWN,open,"Same semantic rule can become trivial or unreadable after transfer; deterministic transformation alone does not prove fair exposure.","Blind review each final variant independently; record visible target area, occlusion, marker dispersion, phone/print success, and family distribution.",future pilot + content QA,yes
R2.9-O19,"Will current Effect/Bun/Blender coordinates remain current when the pilot/implementation starts?",UNKNOWN,time-sensitive,"R2.9 coordinates are dated research observations, not permanent locks.","Refresh upstream versions/status at pilot and implementation launch; pin exact accepted coordinates in fixture/workspace/build manifests.",R2.90 + implementation,no
R2.9-O20,"What production scene or asset is approved now?",BLOCKED,none,"Research recommendations and capability evidence do not certify a scored asset.","Approve only after the evidence-bearing pilot and each scene's normal source/security/rights/accessibility/phone/print review all pass.",maintainer/content production,yes
