capability,runtime,option_a_native,option_b_project_service,option_c_effect,selected_package_or_module,stability,source_coordinate,semantics,cancellation_truth,resource_ownership,portability_value,testability,bundle_cost_hypothesis,project_need,recommendation,evidence_status,adoption_status
HTTP client,browser page,fetch directly,ContentPackDownloader or CorrectionClient around fetch/Effect,BrowserHttpClient + effect/unstable/http HttpClient,@effect/platform-browser/BrowserHttpClient plus effect/unstable/http when typed protocol is useful,browser module public; HTTP namespace unstable,Effect 4.0.0-rc.111 @ 993f4be,"typed transport/status/body failures, middleware, Schema decode, retries and tracing",Effect interruption invokes AbortController.abort; remote/server or already-completed work may continue,one browser runtime root; request fibers scoped to calling feature,"high for typed client protocol, low for pretending all fetch implementations are identical",high with service substitution; real browser still required,meaningful; measure per interactive entry before adoption,content-pack downloads and optional correction submit,Use behind cohesive project clients where typed policy matters; keep trivial one-off static fetches native,CONFIRMED; Effect execution BLOCKED; native abort OBSERVED,PROVISIONAL
Request/Response/Headers/URL,browser/service worker/workerd,Web platform values,none unless enforcing a product protocol,effect/unstable/http models at an HTTP boundary,native Web APIs,Web standards stable; Effect HTTP unstable,Web APIs; Effect 4.0.0-rc.111,deterministic value construction and host boundary types,not independently cancellable,caller/host,native shapes already span browser and workerd,construct directly in tests,zero wrapper cost,pervasive,Do not create services that merely rename these values,CONFIRMED+OBSERVED,RECOMMENDED
crypto/hash/random,browser page/service worker,crypto.getRandomValues/randomUUID/subtle.digest,ContentIntegrity or IdGenerator with domain policy,effect/Crypto with @effect/platform-browser/BrowserCrypto,BrowserCrypto for injectable digest/random capability; native for simple boundary values,public v4 modules,effect/Crypto and platform-browser/BrowserCrypto @ 993f4be,"secure random bytes, UUIDs and SHA digests with typed platform errors",digest is promise-backed and may not stop underlying native work after interruption,global Web Crypto provider; service layer owns policy only,useful across Bun/browser when algorithms align,high through Crypto service; security tests must retain real provider coverage,small-to-moderate if service already used,content checksums and non-security identifiers,Use a meaningful integrity capability for pack verification; do not wrap every randomUUID call,CONFIRMED; native operation OBSERVED,PROVISIONAL
Blob/File,browser page/service worker/workerd,Blob and File,content-object decoder only if validation/failure policy is needed,no dedicated abstraction required,native Blob/File,stable Web APIs,Web platform,immutable byte containers and file metadata,construction is synchronous; reads may be promise/stream based,caller,high as native Web values,construct directly,none,"content assets, uploads only if correction attachments are later added",Use directly,OBSERVED,RECOMMENDED
readable/writable streams,browser/service worker/workerd,ReadableStream/WritableStream/TransformStream,only for a product pipeline with typed failures or resource policy,BrowserStream and Effect Stream conversions; Effect HTTP response streaming,native at runtime edges; convert to Effect Stream inside effectful pipelines,Web stable; HTTP bridge unstable,platform-browser/BrowserStream; effect/unstable/http @ 993f4be,backpressure and streaming ownership,stream cancel/abort is cooperative; provider work may continue,response/event scope owns live stream,"shape portable, lifecycle details runtime-specific",native synthetic streams plus runtime integration tests,conversion adds code; measure only if used,pack downloads and Worker responses,Keep native boundary; convert only where Effect pipeline semantics pay for it,CONFIRMED+OBSERVED,RECOMMENDED
compression,browser page/service worker,CompressionStream/DecompressionStream,ContentCompression for format/support fallback,no browser-specific mandatory abstraction,native CompressionStream/DecompressionStream,modern Web API; support-gated,Web platform,streaming gzip/deflate transforms,stream cancellation is cooperative,pipeline owner,Web shape useful but support and formats vary,feature-detect and real-browser test,zero when supported; fallback library can be expensive,optional downloaded pack compression,Prefer native with explicit capability check; add fallback only after measured need,OBSERVED in Chromium 144,PROVISIONAL
WebSocket,browser page,WebSocket,typed realtime transport if a real feature appears,BrowserSocket + effect/unstable/socket,none now,native stable; Effect socket unstable,platform-browser/BrowserSocket @ 993f4be,long-lived duplex connection and close lifecycle,"interruption can close client resource, but network/server delivery is not transactional",scoped connection,limited because server upgrade semantics differ,requires real browser/server integration,avoid entirely until needed,none,Do not adopt,CONFIRMED presence,NOT ADOPTED
dedicated Web Workers,browser page,Worker/message events,bounded computation worker protocol,BrowserWorker/BrowserWorkerRunner + effect/unstable/workers,native Worker for simple deterministic tasks,native stable; Effect workers unstable,platform-browser BrowserWorker* @ 993f4be,separate thread/process message lifecycle,terminate stops worker; in-flight external effects may not roll back,feature scope owns worker,low across browser/Bun/workerd despite shared name,real Worker integration plus pure protocol tests,separate bundle and Effect worker protocol can be material,"possible simulations/illustration processing, not current baseline",Start native and small; adopt Effect worker protocol only for structured RPC/lifecycle value,CONFIRMED; native Worker OBSERVED,DEFERRED
browser IndexedDB,browser page,IDBFactory/transactions directly,ProgressStore/ContentStore with product transactions,"IndexedDb, IndexedDbTable, IndexedDbVersion, IndexedDbDatabase, IndexedDbQueryBuilder",first-party @effect/platform-browser IndexedDb* behind project stores,public stable path; internal unstable Reactivity dependency,platform-browser IndexedDb*.ts @ 993f4be,"typed schemas, migrations, indexes, shared transactions and tagged errors",interruption attempts transaction.abort while active; cannot undo a transaction that already committed,one opened database service per browser runtime; transaction scopes remain explicit,"provider-specific; project store contracts may be portable, transaction semantics are not",unit with fake provider plus real Chromium migration/interruption tests,non-trivial; measure against native/idb alternatives,critical durable commit-before-reveal and offline packs,"Preferred provider spike, not production-approved until exact package/browser probes pass",CONFIRMED; native commit/abort OBSERVED; Effect execution BLOCKED,PROVISIONAL
browser persistence/key-value,browser page,localStorage or simple IndexedDB,SettingsStore,BrowserKeyValueStore/IndexedDbKeyValueStore + unstable persistence,simple project SettingsStore; provider chosen by durability need,browser modules public; generic persistence unstable,platform-browser @ 993f4be,simple key/value reads and writes without full relational transaction model,localStorage synchronous; IndexedDB provider follows transaction truth,browser storage origin,moderate for settings only,high behind SettingsStore,avoid persistence stack for tiny settings if native suffices,settings only,"Do not use generic KV for attempts, progress, sessions, packs or review queues",CONFIRMED,PROVISIONAL
Cache Storage,browser page/service worker,caches.open/match/put/delete,OfflineAssetCache or PackAssetCache,no current dedicated browser abstraction,native Cache Storage inside service-worker/content-pack boundary,stable Web API with browser support caveats,Web Cache API,"HTTP Request/Response cache, not transactional application state",cache operations are promises; interruption cannot guarantee rollback,origin and service-worker lifecycle,low versus Cloudflare Cache API despite similar names,real Service Worker/browser tests,none,offline static assets and versioned packs,Use for immutable bytes only; keep manifests/activation state in IndexedDB,OBSERVED,RECOMMENDED
service-worker events,browser service worker,install/activate/fetch/message with waitUntil/respondWith,pure/use-case helpers invoked from native listeners,short Effects converted to promises; no lifecycle adapter,native event API,Web standard,Service Worker specification/MDN,event lifetime and response ownership are host-controlled,worker termination and event lifetime are host semantics; Effect fibers cannot extend lifetime without waitUntil/respondWith,each event owns its promise/response,must remain distinct from Cloudflare fetch handler,real browser registration/lifecycle tests,avoid long-lived Effect runtime unless measured value,"offline installation, activation and fetch",Keep listeners native; share pure Schema/use-case code only,OBSERVED,RECOMMENDED
BroadcastChannel,browser page/service worker,BroadcastChannel,CrossTabCoordination for version activation or progress refresh,no dedicated requirement,native behind a small coordination service only when needed,stable Web API with support scope,Web platform,"best-effort same-origin messaging, not durable consensus",close stops local channel; sent messages have no transactional rollback,scope owns channel,low outside same-origin browser contexts,real multi-context browser test,none,possible multi-tab pack activation,"Use as invalidation hint, never as source of truth",OBSERVED,DEFERRED
Web Locks,browser page/service worker,navigator.locks.request,PackActivationLock/MigrationLock,wrap acquisition in scoped Effect when lifecycle/testing matters,native API inside a focused project service,Web API; support-gated,Web Locks API,"cross-context mutual exclusion, not durable transaction",AbortSignal can cancel waiting; acquired callback must finish; storage transaction remains separate,callback/scope,provider-specific,real multi-context browser tests plus service fake,small wrapper only,pack activation/migration coordination,Use only as coordination guard around authoritative IndexedDB state transitions,OBSERVED,PROVISIONAL
StorageManager,browser page/worker,navigator.storage.estimate/persist/persisted,StorageBudget advisory service,thin Effect wrapper only for typed failure/testing,native API,Web API; browser policy varies,StorageManager Web API,"quota and persistence hints, not guarantees",promise operations; no rollback semantics,browser origin,low,feature-detect; real browser,none,warn before large pack downloads,"Treat as advisory UX input, never publication/commit authority",OBSERVED,PROVISIONAL
online/offline signals,browser page/service worker,navigator.onLine and online/offline events,ConnectivityHint,event stream only if consumers justify it,native hint,stable but semantically weak,HTML/MDN,"network-interface heuristic, not origin reachability",event listener removal only,window/worker global,low,synthetic events plus integration,none,UX hints for pack/update/correction actions,Never gate correctness or reveal on onLine; attempt operation and handle typed failure,CONFIRMED+OBSERVED,RECOMMENDED
DOM events,browser page,addEventListener with AbortSignal,UI controller only where lifecycle is complex,convert at boundary; Effect is not the renderer,native DOM events,Web standard,DOM,UI event ownership and accessibility behavior,listener AbortSignal removes listener; downstream Effects are separately interruptible,DOM node/controller scope,none outside DOM,DOM/browser tests,none,all interactivity,Keep native and semantic; invoke Effect use cases from event boundary,OBSERVED,RECOMMENDED
clocks/time,all,Date/performance.now/setTimeout,none for ordinary domain time because Effect already provides Clock,Clock and DateTime,effect/Clock and effect/DateTime for domain/testable time; performance.now for local measurement,stable v4 core,effect 4.0.0-rc.111,testable sleep/current time versus monotonic measurement,Effect sleep is interruptible; host timers may already have fired,runtime scheduler,high,high with TestClock,already part of core Effect use,"sessions, review scheduling, retries",Use Effect Clock/DateTime in domain; keep performance timing native,CONFIRMED,RECOMMENDED
filesystem/path/process/runtime,Bun tooling,Bun/Node fs path process APIs,content compiler capabilities,"BunRuntime, BunFileSystem, BunPath, BunTerminal; effect/FileSystem and Path",focused @effect/platform-bun layers plus BunRuntime at CLI root,release candidate public modules; aggregate includes unstable process capability,platform-bun @ 993f4be,"typed platform errors, scoped resources, single runtime root and signal handling",interruption cancels Effect waiters; filesystem syscalls may complete; process exit/signals remain host semantics,one CLI runtime root; scoped files/watchers/resources,"high at service interface, implementation remains Bun/node-shared",high with test layers plus real Bun integration,tooling-only; keep out of browser/workerd graphs,content compiler and build scripts,Use focused layers; do not default to BunServices.layer,CONFIRMED; execution BLOCKED,PROVISIONAL
Cloudflare bindings,workerd,env parameter,CorrectionStore/RateLimiter/AnalyticsSink from env,per-request service injection into shared runtime,native env boundary plus focused project services,Cloudflare production API,Cloudflare module Worker fetch docs,deployment-owned binding handles and request context,binding operation cancellation varies by provider,env/request; do not assume generic portability,"project service isolates use case, not provider semantics",Workers Vitest/workerd integration with binding fakes,small focused adapters,only if correction/analytics backend is deployed,Keep env at boundary; inject only capabilities actually used,CONFIRMED; runtime execution BLOCKED,DEFERRED
Cloudflare fetch handler,workerd,"export default { fetch(request, env, ctx) }",native boundary calling Effect use case,HttpRouter.toWebHandler or HttpApiBuilder,native module fetch + Effect core use case,Cloudflare stable; Effect HTTP alternatives unstable,Cloudflare docs; Effect HttpEffect/HttpRouter @ 993f4be,small Web-standard request boundary with explicit env/context,Request.signal depends on Cloudflare compatibility behavior; map to Effect interruption but keep provider caveats,module/isolate scope plus request-scoped fibers,truthful at Web boundary without pretending isolate lifecycle is browser lifecycle,direct handler tests plus Workers Vitest/workerd,smallest option,small correction endpoint,Adopt option A; revisit only after API complexity grows,CONFIRMED; type/build OBSERVED; workerd BLOCKED,RECOMMENDED
Cloudflare Cache API,workerd,caches.default or named cache where supported,edge response cache with explicit key policy,no generic portability layer,none for current correction endpoint,Cloudflare runtime-specific,Cloudflare Cache docs,edge HTTP caching with Cloudflare-specific replication/limits,cache write promises can outlive response through waitUntil; no transactional rollback,Cloudflare edge/context,must remain distinct from browser Cache Storage,workerd integration,none if unused,none for correction writes,Do not introduce,CONFIRMED,NOT ADOPTED
Cloudflare streams,workerd,ReadableStream Response,streaming use case only if needed,Effect HTTP Web handler transfers scope to response stream,native for tiny JSON endpoint,Web API stable; Effect bridge unstable,Cloudflare Streams docs; HttpEffect @ 993f4be,stream response without buffering and keep resources alive through body consumption,client disconnect may cancel stream; upstream provider cancellation remains cooperative,response body scope,"Web shape portable, limits/runtime context not",workerd streaming tests,avoid Effect bridge for non-streaming JSON,none initially,Use native JSON Response; use bridge only when real streaming/resource scope appears,CONFIRMED; workerd BLOCKED,NOT ADOPTED
Cloudflare request abort,workerd,request.signal,request scope interruption signal,HttpEffect Web handler interrupts fiber on abort,native signal mapped once at boundary,Cloudflare behavior compatibility-flag dependent; Effect bridge unstable,Cloudflare Request docs; HttpEffect @ 993f4be,client-abort notification into request work,signal does not guarantee remote storage/queue operation cancellation or rollback,request scope,moderate signal shape; provider behavior differs,actual workerd/Workers test with compatibility flag and disconnect,small mapping,correction request cleanup,Propagate interruption but design idempotency as correctness mechanism,CONFIRMED; browser abort OBSERVED; workerd BLOCKED,PROVISIONAL
correction endpoint,Cloudflare Worker,tiny fetch handler,native boundary + Effect Schema/use case,unstable HttpRouter or HttpApi,native fetch boundary with Effect Schema/domain function if backend is built,small native boundary stable; Effect core RC,product FEATURE_SPEC; Cloudflare docs,"idempotent bounded submission, validation, rate limiting, generic security responses",client abort cannot substitute for idempotency or durable submission semantics,request scope; waitUntil only for non-critical post-response work,"high at use-case level, low at provider binding level",direct handler tests plus workerd integration and abuse tests,lowest of compared options,only justified dynamic endpoint,Choose A plus a narrow Effect use case; reconsider HttpRouter at multiple endpoints/middleware,INFERRED from CONFIRMED product/runtime evidence,RECOMMENDED
optional analytics endpoint,Cloudflare Worker,same narrow handler or queue event,AnalyticsSink with privacy schema and sampling,shared Effect use case/runtime if correction backend already exists,none initially,product optional,product FEATURE_SPEC,first-party low-cardinality events without accounts or cross-site tracking,best-effort telemetry may be dropped; never block study flow,request/event context,service useful only for privacy policy/testing,schema/privacy tests plus workerd integration,avoid separate server until justified,optional,"Defer; if added, isolate failure and use waitUntil only for explicitly best-effort work",INFERRED,DEFERRED
